Date,EcoliAve_CFU,Lake_Temp_C,Lake_Turb_NTRU,WaveHt_Ft,LL_PreDay,AirportRain48W_in
5/25/2005,8,13.3,58,1,-0.099,0
5/26/2005,150,14.4,11.5,1,-0.256,0
5/31/2005,5,17.8,3.2,0,0.027,0.1
6/1/2005,1,17.8,3.5,0.5,0.045,0
6/2/2005,6,17.2,8.4,1,-0.062,0
6/6/2005,31,18.3,7.1,0.33,0.184,0.1
6/7/2005,2,20,9.3,0.5,-0.328,0.1
6/8/2005,5,20,3,0,0.108,0
6/9/2005,9,23.3,1.9,0,0.026,0
6/13/2005,43,24.4,2.9,0,0.079,0.1
6/14/2005,8,21.7,5.2,1,-0.069,0.3
6/15/2005,210,21.1,18.5,1,-0.148,1.1
6/16/2005,550,20,54.5,1.5,0.184,1.3
6/20/2005,82,22.2,32.5,0.5,-0.217,0
6/21/2005,15,21.7,26,0.5,-0.029,0
6/22/2005,155,22.8,23,0.5,0.029,0.2
6/23/2005,42,22.8,25.5,0.5,0.027,0.1
6/27/2005,73,24.4,9.8,0,-0.075,0
6/28/2005,7,23.9,4.2,0,0.049,0
6/29/2005,73,24.4,7,0.5,0.072,0.3
6/30/2005,17,24.4,3.6,0,-0.144,0.3
7/5/2005,27,24.4,6.2,1,0.069,0
7/6/2005,165,23.3,16,1.5,0.036,0
7/7/2005,40,24.4,12,1,-0.099,0
7/11/2005,3,24.4,3.8,0.5,0.004,0
7/12/2005,26,24.4,3,0.5,-0.073,0
7/13/2005,26,25.6,4.7,0.5,-0.009,0
7/14/2005,200,24.4,4.4,0.5,0.006,0.1
7/18/2005,20,25,4.4,0.5,-0.014,0.2
7/19/2005,490,24.4,4.3,0.5,0.05,0.4
7/20/2005,6,26.1,1.7,0.5,0.013,0.2
7/21/2005,440,23.9,6.1,0.5,-0.138,1.5
7/25/2005,205,25.6,8.3,0.5,-0.053,0.5
7/26/2005,12,25.6,2.3,0.5,-0.236,0.3
7/27/2005,850,24.4,62.5,5,0.857,2.9
7/28/2005,200,22.2,14.7,2,-0.584,1.9
8/1/2005,7,26.1,4.7,0,-0.003,0
8/2/2005,5,26.7,3,0.5,-0.053,0
8/3/2005,6,27.2,2,0,0.007,0
8/4/2005,15,26.1,1.6,0.5,-0.089,0
8/8/2005,20,26.7,1.7,1,-0.052,0
8/9/2005,945,26.7,1.5,0,-0.138,0
8/10/2005,48,26.1,1.9,0,0.023,0
8/11/2005,2450,26.1,8,2,0.253,0.3
8/15/2005,96,25.6,13.5,2,0.062,0.3
8/16/2005,27,24.4,4.8,0.33,-0.095,0
8/17/2005,12,25.6,2.3,0.17,-0.118,0
8/18/2005,31,25,2.3,0.66,-0.04,0
8/22/2005,600,24.4,86.5,3,0.076,3.6
8/23/2005,145,24.4,28.5,4,0.023,0.1
8/24/2005,37,24.4,10.2,2.5,-0.05,0.1
8/25/2005,29,24.4,10,2,-0.032,0
8/29/2005,145,23.3,2.7,0.5,-0.282,1.2
8/30/2005,60,23.3,2.4,0.5,0.207,0
9/1/2005,350,22.8,52,2.33,-0.167,2.2
9/6/2005,64,21.7,21.5,1,-0.229,0
6/1/2006,93,20,3.9,0.5,0.04,0.7
6/5/2006,79,18.3,21.8,0.5,-0.01,0.2
6/6/2006,16,18.9,10,0,0.029,0
6/7/2006,7,21.1,3.7,0,0.03,0
6/8/2006,260,20,13.5,0.5,0.01,0
6/12/2006,51,18.3,41.1,2.5,0.017,0
6/13/2006,48,18.3,27.5,1.5,-0.158,0
6/14/2006,28,18.9,6.7,0.5,-0.046,0
6/15/2006,35,18.9,22.1,1,-0.003,0
6/19/2006,420,20,11.9,0.5,0.217,1.6
6/20/2006,94,20.6,7.3,1,0.092,1.9
6/21/2006,12,21.7,3.8,0,-0.325,0.6
6/22/2006,560,21.1,17.2,0,0.203,4.6
6/23/2006,34,20,5.6,0,0.105,3.7
6/24/2006,410,21.1,35,2.5,-0.062,0.8
6/25/2006,134,22.8,9.8,0,0.148,0.1
6/26/2006,116,21.1,11.2,0.5,-0.017,0
6/27/2006,280,21.1,14.5,0,0.105,0.7
7/1/2006,6,22.8,5,0,-0.053,0
7/2/2006,31,22.8,5,0,-0.269,0
7/3/2006,15,23.3,5.9,0.5,0.158,0.2
7/4/2006,94,21.7,9.1,0,0.095,1.1
7/5/2006,1300,21.1,57.5,2.5,0.128,0.6
7/11/2006,249,23.9,7.6,0.5,0.214,0.2
7/12/2006,1005,22.8,4.7,0,-0.161,1.3
7/13/2006,925,22.2,16.7,1,0.272,0.8
7/14/2006,98,22.8,4.2,0.5,-0.085,0.1
7/15/2006,253,23.3,19.4,0,0.065,1
7/16/2006,9,23.9,4,0,-0.121,0.5
7/18/2006,236,26.1,5.8,0.5,-0.174,0
7/22/2006,258,25.6,23.1,3,0.18,0.6
7/24/2006,9,25.6,5.1,0,-0.124,0.1
7/25/2006,36,25,3.8,0.5,-0.142,0
7/26/2006,28,25.6,2.9,0,0.119,0.6
7/27/2006,180,24.4,4.4,0.5,0.101,1.1
7/28/2006,567,24.4,9.9,1,0.315,2.7
7/29/2006,69,26.1,2.5,0,-0.246,1.1
7/30/2006,38,26.7,4.4,0,0.063,0
7/31/2006,65,26.7,2.7,0,-0.112,0.9
8/1/2006,21,27.2,2,0,-0.023,0.5
8/2/2006,17,27.2,3.2,0,0.026,0
8/3/2006,465,26.7,7.8,0.5,0.296,0
8/4/2006,326,25.6,40.6,3.5,-0.122,0.2
8/5/2006,135,26.1,40.1,3,-0.003,0.1
8/6/2006,56,25.6,13.3,0.67,-0.141,0
8/7/2006,82,26.7,4.5,0,-0.125,0.1
8/14/2006,13,25,6.8,0,-0.157,0
8/15/2006,309,26.1,28.8,2.5,0.101,0.3
8/16/2006,3,25,6.9,0.5,0.02,0.1
8/17/2006,32,26.1,5.3,0.33,0,0
8/18/2006,50,25.6,6.8,0,-0.072,0
8/19/2006,27,24.4,3.5,0,0.062,0.4
8/20/2006,382,23.9,29.8,2.5,0.013,0.5
8/21/2006,93,23.3,32.9,1.5,-0.105,0.1
8/22/2006,11,25,9,0,-0.009,0
8/23/2006,114,25,6.2,0.5,0.085,0
8/24/2006,45,24.4,5.9,0,0.006,0
8/28/2006,86,24.4,32.2,1.5,0.069,0.4
8/29/2006,3850,24.4,258,5,0.64,2.6
8/30/2006,1650,23.3,162.8,2.5,-0.558,1.4
8/31/2006,520,23.3,83,4,0.229,0
5/27/2007,510,11.1,15.5,0,0.059,0.4
5/28/2007,9,13.3,9.2,0,-0.032,0.2
5/29/2007,13,14.4,9.8,0,-0.138,0
5/30/2007,20,14.4,8.8,0.25,0.078,0
5/31/2007,20,15.6,4.5,0,-0.039,0
6/1/2007,44,16.7,7.1,0,-0.128,0
6/2/2007,30,17.8,5.6,0,0.076,0.1
6/3/2007,23,15.6,9,0.42,-0.151,0.5
6/4/2007,350,16.7,4.4,0,0.252,0.4
6/5/2007,1770,16.7,34.3,3,-0.311,1.4
6/6/2007,247,17.2,15.4,2,0.328,0.7
6/7/2007,82,16.7,9.8,0.33,-0.197,0
6/8/2007,19,18.9,4,0,0.036,0
6/9/2007,143,18.3,16.1,0.5,-0.007,0.3
6/10/2007,20,16.7,3.3,0,0.066,0.2
6/11/2007,8,17.8,2.3,0,0.01,0
6/12/2007,47,16.7,3.6,0.5,-0.017,0
6/14/2007,11,17.2,3.7,0.33,0.056,0
6/18/2007,17,18.9,5.7,0,0.174,0
6/19/2007,13,20,3.7,0,-0.056,0
6/20/2007,420,20,18.5,0.75,0.082,0.7
6/21/2007,61,18.9,8.1,0.75,-0.282,0.4
6/22/2007,49,19.4,25.1,1.75,0.41,0
6/23/2007,59,20,17.2,1,-0.101,0
6/24/2007,11,21.1,7.9,0,-0.115,0
6/25/2007,11,20.6,3,0,-0.112,0
6/27/2007,7,22.2,5.6,0,-0.036,0
6/28/2007,44,22.2,8.4,0.96,0.262,0.4
7/1/2007,137,20.6,28.3,1.33,0.017,0
7/2/2007,89,21.1,60.1,1.5,-0.066,0
7/3/2007,15,22.2,11.9,0.375,-0.043,0
7/4/2007,7,22.2,7.5,0,-0.239,0
7/5/2007,6,22.8,2.9,0.25,0.206,0
8/23/2007,46,25.6,8.6,0.5,0.2,0.1
5/21/2008,9,12.2,27.4,1.6,0.069,0
5/22/2008,52,11.1,49.8,2,-0.394,0.3
5/23/2008,22,11.1,21.5,0.2,0.089,0.2
5/24/2008,15,13.3,15.3,1,0.118,0
5/25/2008,4,13.9,7.9,0.1,0.013,0
5/26/2008,2,13.9,7.1,0.2,-0.148,0
5/27/2008,160,13.3,18,3.1,0.059,0
5/28/2008,162,13.3,101.1,2.8,0.128,0
5/29/2008,36,12.8,43.7,0.2,-0.167,0
5/30/2008,8,13.3,18.7,0.1,-0.043,0
5/31/2008,478,14.4,24.2,0.3,0.062,0.9
6/1/2008,66,15,18.4,0.1,0.027,0.5
6/2/2008,6,15.6,8,0,-0.053,0
6/3/2008,105,17.2,6.7,0.1,-0.095,0.4
6/4/2008,424,15.6,11.4,0.4,0.121,0.5
6/5/2008,64,17.8,17.1,0.2,0.007,0.2
6/6/2008,8,17.8,3.8,0,-0.043,0
6/7/2008,68,17.8,6.7,0.2,0.082,0
6/8/2008,48,19.4,3.8,0.2,-0.229,0
6/9/2008,66,18.9,3.3,0.1,0.223,0.1
6/10/2008,37,18.9,3.1,0.1,0.042,2.2
6/11/2008,22,18.9,4.2,0.3,-0.068,1.7
6/12/2008,8,20.6,4.4,0.1,0.223,0.3
6/13/2008,44,18.9,33.6,0.8,-0.21,0
6/14/2008,24,20,6.2,0.6,-0.095,1.4
6/15/2008,8,20.6,3.4,0.1,0.101,0.7
6/16/2008,73,20.6,9.4,0.92,-0.046,0
6/17/2008,385,18.3,92,1.5,0.122,0
6/18/2008,62,19.4,24,2.7,0.01,0
6/19/2008,13,18.3,11.2,0.1,0.006,0.1
6/20/2008,9,18.3,5.6,0.2,-0.111,0
6/21/2008,5,21.1,4.4,0.08,0.105,0
6/22/2008,36,18.3,6,0.32,-0.197,2.3
6/23/2008,122,19.4,5.9,0.24,0.154,2.2
6/24/2008,7,20,4,0.33,-0.125,0.6
6/25/2008,10,19.4,3.7,0.04,-0.013,0.1
6/26/2008,59,19.4,6.2,0.33,-0.177,0.5
6/27/2008,162,22.2,9.4,0.25,0.118,0.8
6/28/2008,252,20.6,9.6,0.25,0.026,0.6
6/29/2008,19,20.6,2.6,0.17,0.263,0.2
6/30/2008,23,20.6,5.8,1.25,-0.161,0.6
7/1/2008,144,20.6,40.4,1.5,0.03,0.6
7/2/2008,11,20.6,8.1,0.17,-0.079,0.2
7/3/2008,47,20.6,6.7,0.17,0.236,0.5
7/4/2008,62,21.1,24,2.67,-0.079,1
7/5/2008,56,20.6,25.4,1.67,0.099,0.4
7/8/2008,158,21.1,4.1,0.08,-0.056,0
7/9/2008,750,21.1,11.9,0.17,0.151,2.1
7/10/2008,180,20.6,15.2,1.16,0.102,1.1
7/11/2008,14,22.2,2.4,0.15,-0.128,0
7/12/2008,10,22.2,3.8,0.08,-0.049,0
7/13/2008,540,21.7,22,0.58,-0.096,2.6
7/14/2008,96,21.1,10.9,0.83,0.063,1.3
7/15/2008,14,22.2,3.6,0.33,0.229,0
7/16/2008,18,22.8,2.6,0.17,-0.236,0
7/17/2008,415,23.3,7.9,1.17,0.138,0
7/18/2008,12,23.3,2.7,0.08,-0.052,0
7/19/2008,10,23.3,2.4,0.08,-0.164,0
7/20/2008,205,23.9,2.4,0.08,0.036,0.1
7/21/2008,162,23.9,3.8,0.66,0.216,0.1
7/22/2008,118,23.9,4.5,0.58,-0.18,0.1
7/23/2008,710,23.9,39,2.08,0.029,0.1
7/24/2008,325,23.3,111.9,2.16,-0.049,0.1
7/25/2008,31,21.7,17,0.08,-0.079,0
7/26/2008,18,22.8,4.5,0.25,0.053,0
7/27/2008,60,22.8,19.4,1.17,0.151,0
7/28/2008,10,22.8,4.6,0.17,-0.266,0
7/29/2008,12,23.3,2.6,0.08,0.154,0
7/30/2008,70,23.3,3.1,0.08,-0.148,0
7/31/2008,36,22.8,3.1,0.33,0.109,0.1
8/1/2008,53,23.3,2.7,0.08,-0.076,0
8/2/2008,192,24.4,16.8,1.66,0.151,0
8/3/2008,169,24.4,65.7,2.33,-0.115,0
8/4/2008,19,23.3,9.9,0.08,-0.032,0
8/5/2008,38,23.9,3.7,0.08,-0.122,0.1
8/6/2008,660,23.9,13.7,1.5,-0.023,0.1
8/7/2008,86,23.9,11.3,1.17,0.145,0.2
8/8/2008,560,22.2,115.6,1.58,-0.076,0.2
8/9/2008,76,21.7,11.9,0.5,-0.069,0.1
8/10/2008,175,22.2,15.9,1.25,-0.042,0.8
8/11/2008,580,20.6,59.7,1.75,0.137,0.8
8/12/2008,72,21.1,22.1,1.25,0.007,0.2
8/13/2008,18,21.7,4,0.08,-0.102,0
8/14/2008,44,21.7,5.1,0.42,-0.013,0
8/16/2008,38,22.2,1.2,1.75,0.033,0
8/17/2008,21,22.2,3.7,0.32,-0.122,0
8/18/2008,28,21.7,3.8,0.48,-0.213,0
8/19/2008,184,21.7,4,1.36,0.466,0
8/20/2008,39,21.7,11.8,0.72,-0.292,0
8/21/2008,16,21.7,13.6,0.56,0.088,0
8/22/2008,14,21.7,6.5,0.24,-0.2,0
8/23/2008,9,21.7,2.5,0.16,-0.105,0
8/24/2008,20,21.7,2.9,0.08,0.102,0
8/25/2008,360,21.7,57.7,3,0.171,0.2
8/26/2008,66,21.7,58,2.5,-0.184,0.1
8/27/2008,115,21.7,67.3,0.56,0.056,0
8/28/2008,38,21.7,13.4,1,-0.089,0.5
8/29/2008,43,21.1,4.2,0.08,-0.036,0.3
8/30/2008,600,20.6,7.5,0.56,0.098,0.8
8/31/2008,31,21.1,3.1,0.08,-0.131,0.4
9/1/2008,32,21.1,4.5,0.16,0,0
5/20/2009,12,13.3,6.5,0,0.187,0
5/21/2009,5,13.3,4.8,0.1,-0.105,0
5/22/2009,105,15.6,7.3,0.7,0.098,0
5/23/2009,37,16.1,6.6,0.3,0.01,0
5/24/2009,6,16.1,9.7,0.1,0.01,0
5/25/2009,49,17.8,38.8,1.5,0.131,0
5/26/2009,115,15.6,76.3,1.6,0.033,0
5/27/2009,29,14.4,49.8,0.3,-0.296,0.3
5/28/2009,260,16.7,17.1,0,0.125,0.8
5/29/2009,305,15,45.3,1.1,0.017,1
5/30/2009,325,16.7,29.5,1,-0.135,0.9
5/31/2009,590,16.7,107.9,3,0.318,0.3
6/1/2009,60,16.1,20.9,0.1,-0.426,0
6/2/2009,48,15,37.1,1.5,0.177,0.7
6/3/2009,61,15.6,21.4,0.5,0.016,0.4
6/5/2009,24,15.6,29.7,1.1,0.065,0
6/6/2009,9,15.6,9.9,0.1,-0.177,0
6/7/2009,10,16.7,7.3,0.3,0.197,0
6/8/2009,43,15.6,24.5,1.9,-0.056,0
6/9/2009,41,16.7,21.3,0.3,-0.049,0.1
6/10/2009,17,17.2,4.9,0.4,0.049,0.1
6/11/2009,25,17.8,9.7,0.7,0.023,0
6/12/2009,84,16.7,23.2,2,-0.144,0.3
6/13/2009,14,17.8,9.4,0.1,0.039,0.2
6/14/2009,5,18.3,4.7,0,0.066,0
6/15/2009,43,18.3,8.1,0.6,-0.082,0
6/16/2009,10,17.2,6.4,0.1,-0.063,0
6/17/2009,11,17.2,28,0.3,0.069,0.1
6/18/2009,135,17.8,28.2,1.5,0.033,1.7
6/21/2009,80,19.4,16.4,2,0.181,0.3
6/22/2009,36,21.1,5,0.2,0.193,0
6/23/2009,15,21.7,2.9,0,-0.065,0
6/24/2009,34,21.7,2.7,0,-0.059,0
6/25/2009,12,22.2,2.7,0,0.023,0
6/26/2009,240,23.9,7.3,1.1,0.023,0.7
6/28/2009,30,21.1,5.2,0,-0.154,0
6/29/2009,30,21.7,12.3,0.4,-0.095,0.1
6/30/2009,179,21.7,35.7,2.3,0.354,0.1
7/1/2009,37,21.7,13.4,0.4,-0.18,0.5
7/2/2009,98,21.1,15.4,1.1,0.052,0.4
7/3/2009,96,20.6,35.3,3,0,0.3
7/4/2009,49,20.6,35.2,1.6,-0.177,0.1
7/5/2009,19,21.7,6.5,0,0.056,0
7/6/2009,19,22.2,5.8,0.9,-0.02,0
7/7/2009,215,22.2,17,1.6,0.026,0
7/8/2009,24,21.7,8.5,0.3,-0.111,0
7/9/2009,20,22.2,4.9,0.5,0.023,0
7/10/2009,31,22.2,9.5,0.5,-0.066,0
7/13/2009,81,22.8,15.1,4.5,-0.086,0.8
7/14/2009,130,22.2,26.1,2,-0.164,0
7/15/2009,27,22.8,6.2,0,-0.009,0
7/16/2009,226,22.2,14.9,0.6,0.013,0
7/17/2009,33,22.2,4.9,0.5,0.075,0
7/20/2009,6,21.7,4.1,0,-0.177,0.2
7/21/2009,58,21.7,9.9,0.4,0.006,0
7/22/2009,26,21.7,17,0.8,0.02,0.1
7/23/2009,3309,21.7,35.8,3,0.243,2.8
7/24/2009,90,21.1,11.1,0.4,-0.23,1.5
7/27/2009,66,22.2,7.8,0.7,-0.046,0.1
7/28/2009,12,22.8,2.8,0.2,-0.145,0
7/29/2009,31,22.8,2.2,0.3,0.299,0.1
7/30/2009,10,22.2,2.3,0.2,-0.023,0.1
7/31/2009,66,22.8,1.6,0.2,-0.013,0.5
8/3/2009,38,22.2,4.6,0.5,-0.128,0.1
8/4/2009,14,22.8,2,0.1,-0.072,0
8/5/2009,268,22.2,92.1,2,0.256,0
8/6/2009,48,21.7,9.7,0.1,-0.252,0
8/7/2009,12,22.2,4,0.1,0.082,0
8/8/2009,22,22.2,4.8,0.1,-0.112,0
8/9/2009,77,22.2,4,0.4,-0.092,0.5
8/10/2009,58,23.3,3.3,0.4,0.272,0.2
8/11/2009,23,23.3,2.3,0.2,-0.121,1
8/12/2009,205,23.9,21.2,1.5,0.128,0.5
8/13/2009,30,21.1,7.5,0.3,0.003,0
8/14/2009,14,24.4,2.7,0.1,-0.052,0
8/15/2009,23,24.4,2.6,0,-0.056,0
8/16/2009,21,25,2.8,0,0.013,0
8/17/2009,38,23.9,2.8,0,-0.052,0
8/18/2009,21,24.4,2.7,0.4,-0.214,0
8/19/2009,102,24.4,6.6,0.6,0.207,0
8/20/2009,43,24.4,3.4,0.1,-0.344,0.5
8/21/2009,106,23.3,8.5,0.7,0.252,1.6
8/23/2009,280,21.7,26.8,1,-0.167,0.1
8/24/2009,40,21.7,13.8,1.5,0.003,0.1
8/25/2009,9,21.7,3.6,0,-0.016,0
8/26/2009,20,21.7,3.5,0.2,-0.191,0
8/27/2009,81,21.7,18.2,2,0.378,0.1
8/28/2009,126,21.7,40,2,-0.118,0.7
8/29/2009,318,21.1,17.6,1.5,0.105,2.9
8/30/2009,51,20.6,14.6,1.8,-0.053,1.4
8/31/2009,79,20.6,25.5,2.5,-0.079,0.4
9/1/2009,7,19.4,5.1,0.1,-0.039,0.2
9/2/2009,8.5,20,2.9,0.1,-0.059,0
9/3/2009,27.5,20,5.5,0.2,-0.033,0
9/4/2009,13.5,20,4.9,0.1,0.066,0
9/5/2009,19.5,20,2.6,0,-0.082,0
9/6/2009,48.5,20,3.4,0.2,-0.013,0
9/7/2009,71,20,15.2,0.3,-0.063,0
5/31/2010,9,20.6,3.9,0.1,-0.02,0
6/1/2010,55,21.7,4.4,0.5,-0.127,1.2
6/2/2010,23,22.2,2.6,0,0.114,0.7
6/5/2010,122,22.2,6.8,0.1,-0.194,0.1
6/6/2010,1415,21.1,31.2,2,-0.075,1.5
6/7/2010,474,20.6,36.4,2,0.679,0.8
6/8/2010,128,20.6,21.7,0.7,-0.223,0
6/9/2010,37,20,9.6,0.1,-0.043,0.8
6/10/2010,25,20,8.8,0.3,-0.056,0.8
6/12/2010,113,20,9.7,0.2,0.072,0
6/13/2010,20,21.7,3,0.3,0.036,0.1
6/14/2010,85,22.2,2.9,0.1,0.029,0.4
6/15/2010,839,21.7,5.9,0.5,0.171,0.4
6/16/2010,69,19.4,43.9,0.4,-0.338,0.1
6/17/2010,64,20,36.2,1.6,0.171,0
6/19/2010,50,21.1,5.8,0.2,0.134,0
6/20/2010,8,22.8,3.4,0.3,-0.068,0
6/21/2010,13,23.3,3.3,0.3,0.036,0
6/22/2010,27,23.3,8.5,0.3,-0.424,0.9
6/23/2010,9,23.9,1.8,0.2,0.246,0.4
6/24/2010,593,22.8,12.5,0.8,0.178,0.6
6/26/2010,9,24.4,3.6,0.2,-0.053,0
6/28/2010,125,24.4,5.1,0.4,0.24,1.9
6/29/2010,233,23.3,28.1,2,-0.24,2.6
6/30/2010,110,23.3,27.4,1.8,0.069,0.8
7/1/2010,25,23.3,11.5,0.2,-0.137,0
7/3/2010,13,23.3,4.2,0.2,-0.049,0
7/4/2010,7,24.4,2.9,0.1,-0.154,0
7/5/2010,37,25,3.1,0.2,0.059,0
7/6/2010,29,25.6,2.6,0,0.007,0
7/7/2010,15,25,2.7,0.1,0.003,0
7/8/2010,22,26.1,3,0,0.01,0
7/10/2010,134,25.6,24.6,1.3,-0.02,1.3
7/11/2010,20,26.1,4.2,0.1,-0.171,0.7
7/12/2010,12,26.1,2.8,0,0.076,0.1
7/13/2010,48,26.1,2.7,0.1,0.056,0.6
7/14/2010,498,25.6,12.1,1.8,-0.066,0.3
7/15/2010,25,26.1,3,0.1,-0.075,0
7/17/2010,69,25.6,7.4,0.8,0.049,0
7/18/2010,85,26.1,12.3,0.7,0.079,0.2
7/19/2010,83,25.6,9.3,0.5,0.252,0.1
7/20/2010,130,25.6,18.9,1,-0.226,0.1
7/21/2010,23,26.1,4.2,0.4,0.131,0
7/22/2010,34,26.1,12.2,0.9,-0.115,0
7/24/2010,203,26.1,78.6,0.5,0.663,2.2
7/26/2010,55,25.6,20.3,1.5,0.095,0.9
7/27/2010,8,26.1,3.5,0.1,-0.059,0.1
7/28/2010,32,26.1,4.8,0.1,-0.207,0
7/29/2010,372,25.6,42.8,4.5,0.315,1.2
7/31/2010,6,25.6,3.6,0.1,-0.023,0
8/2/2010,23,26.1,7.1,0.3,-0.095,0
8/3/2010,19,27.2,3.6,0.1,0.02,0
8/4/2010,25,26.1,2.4,0,-0.059,0.1
8/5/2010,587,26.1,10.9,1,0.052,1.8
8/7/2010,250,25,20.5,1.1,-0.046,1.1
8/8/2010,42,25,4.5,0.2,-0.174,0.4
8/9/2010,26,25.6,2.8,0.1,-0.039,0
8/10/2010,21,26.1,2.3,0.1,0.105,0
8/11/2010,55,26.7,2.8,0.2,0.072,0
8/12/2010,610,26.7,5,0.1,-0.056,1.3
8/17/2010,47,25.6,11.8,0.5,-0.177,0
8/18/2010,49,25.6,5.6,0.33,-0.007,0
8/19/2010,12,25.6,3.4,0.1,-0.023,0
8/23/2010,88,24.4,61.9,1.5,0.115,1.1
8/24/2010,163,23.9,80.3,1.3,-0.236,0.2
8/25/2010,22,24.4,11,0.33,0.082,0
8/26/2010,89,23.9,65.8,1.75,0.089,0
8/30/2010,136,24.4,3,0,-0.02,0
8/31/2010,9,24.4,2.4,0.08,-0.066,0
5/24/2011,152,14.3,15.9,0,-0.01,1.8
5/25/2011,450,16.7,25.8,2,0.17,0.9
5/26/2011,5600,15.3,53.1,1,0.49,2.8
5/27/2011,340,14.3,17.4,2.5,-0.12,1.8
5/28/2011,113,15.8,10.6,0,-0.11,0.2
5/29/2011,89,16.7,9,0,0.18,0.5
5/30/2011,98,19.8,8.9,0,0.1,0.7
5/31/2011,71,21.1,10.6,0,-0.16,0.2
5/23/2012,24,15.6,12.1,0,-0.03,0
5/24/2012,10,16.1,5.4,0,-0.15,0
5/25/2012,30,15.6,3.6,0,-0.13,0
5/31/2012,313,19.1,61.3,1.5,0.2,0
6/1/2012,706,17.9,138.8,2,0.54,0.4
6/4/2012,38,15.6,22.8,0.7,0.22,0
6/5/2012,135,18,37.6,1.1,-0.01,0
6/6/2012,55,16.3,19.3,0.3,-0.2,0
6/7/2012,31,19.2,16.3,0.8,0,0
6/11/2012,27,21.2,4.9,0,-0.04,0
6/12/2012,47,20.2,6,0.1,0.02,0.1
6/13/2012,155,19.7,45,2.6,0.09,0
6/14/2012,148,19.9,35.6,1,0.19,0
6/18/2012,155,20.3,6.1,0,-0.05,1.7
6/19/2012,54,20.1,5.9,0.1,-0.05,1.2
6/20/2012,10,21.7,3.3,0.1,-0.01,0.2
6/21/2012,10,22.4,3.5,0.1,-0.03,0
6/25/2012,488,22.6,50.6,2,0.11,0
6/26/2012,80,20.3,71.7,2,-0.06,0
6/27/2012,36,22.1,25,0.5,-0.08,0
6/28/2012,8,23.2,4.3,0.1,-0.09,0
7/5/2012,225,25.4,14.1,1,-0.19,2.1
7/9/2012,57,25.5,22.4,2,-0.3,0
7/10/2012,173,25,27.1,1.5,0.12,0
7/11/2012,45,24.9,23.1,1,-0.06,0
7/12/2012,34,24.6,23.7,1,-0.03,0
7/16/2012,321,25.2,7.6,0.2,0.17,0
7/17/2012,9,25.6,5.2,0.1,-0.22,0
7/18/2012,900,26.6,18.3,1,0.12,0
7/19/2012,56,26.5,5.3,0,0.07,0.1
7/23/2012,18,25.3,5.2,0,-0.14,0
7/24/2012,195,25.6,5.7,0.1,0.3,0
7/25/2012,123,24.7,66.8,1.1,-0.15,0
7/26/2012,303,25.2,26.6,1,-0.13,0
7/30/2012,9,25.7,10.6,0,-0.12,0.1
7/31/2012,37,25.7,12,0,0,0
8/1/2012,368,25.6,16.5,0.8,0.04,0
8/2/2012,30,25,5.3,0,-0.15,0
8/6/2012,290,24.2,36.5,1,0.61,0.3
8/7/2012,30,24.4,7.4,0,-0.23,0.1
8/8/2012,14,24.8,4.6,0.1,-0.1,0
8/9/2012,375,24.9,56.2,0.8,0.1,0.3
8/13/2012,23,23.8,7.3,0,0.07,0
8/14/2012,138,22.2,7.2,0,0.11,0.3
8/15/2012,103,22.1,7.1,0,-0.07,0.7
8/16/2012,13,23.2,9.3,0,-0.08,0.3
8/20/2012,34,23.5,9.3,0.5,-0.06,0
8/21/2012,27,23.8,8.3,0.5,-0.01,0
8/22/2012,132,23.6,6.4,0,0,0
8/23/2012,15,23.6,6.6,0,-0.09,0
8/27/2012,24,22.2,11.9,0,-0.07,0.2
8/28/2012,412,22.2,37.3,1.5,0.22,2.4
8/29/2012,532,23,40.7,1.5,-0.02,1.1
8/30/2012,41,22.2,6.4,0,-0.14,0
5/20/2013,8,15.2,45.2,0.1,0.01,0
5/21/2013,2,13.7,11.7,0,-0.05,0
5/22/2013,14,16.8,5.1,0,-0.02,0
5/23/2013,29,17.2,7.6,0.1,0.14,0.9
5/28/2013,76,16.2,14.1,0.1,0.1,0.9
5/29/2013,70,16.3,14.6,0.3,-0.06,0.5
5/30/2013,24,17.2,6.9,0,0.2,0.2
6/3/2013,2713,18.2,70.1,1.3,0.08,1.6
6/4/2013,186,23.8,16.5,0.1,-0.09,0
6/5/2013,155,23.6,26.2,0.8,0.11,0
6/6/2013,540,18.1,104,1.3,0.11,0.4
6/10/2013,45,17.8,17.2,0.2,0.1,0.2
6/11/2013,260,18.1,14.2,0.5,0.16,1.4
6/12/2013,13,19.6,5.4,0.2,-0.16,0.7
6/13/2013,791,19.5,36.7,2.5,0.49,1.3
6/17/2013,23,21.1,4.2,0.1,-0.15,0.6
6/18/2013,83,21,17.2,0.4,-0.03,0.2
6/19/2013,270,20.5,59.7,0.5,0.32,0
6/20/2013,138,21,40.3,0,-0.19,0
6/24/2013,10,23.1,7.3,0,-0.34,0
6/25/2013,15,23.6,14.2,0.3,0.02,0
6/26/2013,434,24,9.8,0.1,0.05,4.9
6/27/2013,246,24.3,5.2,0,0.15,5.3
7/1/2013,1019,22.5,151.8,1.1,0.16,0.1
7/2/2013,2600,21.2,196,1,-0.19,0.5
7/3/2013,252,21.8,49.3,0.1,0.04,0.3
7/8/2013,94,23.3,9.2,0,0.02,0.1
7/9/2013,58,23.6,6.2,0,0.01,1.2
7/10/2013,1033,24.7,17.2,0.1,0.07,3.7
7/11/2013,1911,22.9,55.5,1,0.31,2
7/15/2013,54,24.1,8.8,0,0.03,0
7/16/2013,49,25.7,5.1,0,-0.01,0
7/17/2013,3,27.2,4.6,0.1,-0.03,0
7/18/2013,29,28.1,3.9,0.1,0.09,0
7/22/2013,235,27.4,17.8,0.2,-0.21,0.1
7/23/2013,67,25.4,9.6,0,-0.02,1
7/29/2013,32,22.3,19.5,0.1,-0.25,0.3
7/30/2013,22,22.5,7.7,0,0.14,0.1
7/31/2013,11,23.8,5.3,0,0.07,0
8/1/2013,289,22.3,23.7,2,-0.08,0.2
8/5/2013,53,22.8,17.1,0.5,-0.13,0.2
8/6/2013,18,22.7,6,0.1,-0.14,0
8/7/2013,10,22.8,3.3,0.1,-0.04,0
8/8/2013,165,23,3.8,0.1,0.11,0.5
8/12/2013,16,23.5,6.2,0.1,0.01,0
8/13/2013,270,23,16.8,3,0.09,0.1
8/14/2013,81,20.9,79.7,3,-0.05,0.1
8/15/2013,97,21.5,8,0.2,-0.11,0
8/19/2013,15,22.4,4.2,0.1,-0.1,0
8/20/2013,18,23.3,2.9,0.1,-0.11,0
8/21/2013,5,23.2,4.4,0,0.05,0
8/22/2013,40,23.1,6.2,0.2,-0.14,0
8/26/2013,7,23.3,4.4,0.1,0.01,0
8/27/2013,102,23.9,8.1,0.8,0.17,0.4
8/28/2013,289,24,5.4,0.3,0.21,2.1
8/29/2013,26,24,10,1.5,-0.08,0.9
5/20/2014,7.5,14.5,5.7,0.1,-0.023,0
5/21/2014,32,13.5,15.6,0.5,0.148,0.1
5/22/2014,36.5,13.8,9.1,1.5,0.069,0.1
5/27/2014,5.5,17.7,3.9,0.2,-0.128,0
5/28/2014,4,19.2,1.8,0.1,0.069,0.1
5/29/2014,557.5,19.2,100.2,2.5,-0.049,0.2
6/2/2014,13,15.7,10.3,0.1,-0.03,0
6/3/2014,9,15.4,3.8,0.3,0.013,0.2
6/4/2014,10.5,17.9,2.6,0.1,-0.042,0.1
6/5/2014,358,17.5,74.2,1.75,0.265,0.6
6/9/2014,153.5,18.1,19.4,1.25,0.016,0.8
6/10/2014,11,18.4,4.2,0.1,0.168,0.4
6/11/2014,1291,18.7,3.5,0.1,-0.194,0
6/12/2014,3,18.4,1.9,0.1,-0.089,0.1
6/16/2014,48,19.6,11.4,0.2,-0.095,0
6/17/2014,8,20.8,7.7,0,0,0
6/18/2014,65.5,20.1,3.3,0.5,0.098,0.1
6/19/2014,408.5,21.6,9.3,0.4,-0.108,1.5
6/23/2014,23,21.6,8.5,0.1,-0.029,0
6/24/2014,12,20.8,4.9,0.1,-0.004,0.3
6/25/2014,229.5,21.1,4.7,0.2,0.148,8.3
6/26/2014,564.5,21.9,15.7,2,-0.043,4.1
6/30/2014,16,22.2,1.6,0.1,0.151,0.6
7/1/2014,110,22.7,2.2,0.1,0.138,0.3
7/2/2014,36,24.3,3.1,0.5,-0.237,0
7/3/2014,70,23.8,4.3,0.4,0.034,0
7/7/2014,118,23.3,6.9,0.5,-0.197,0
7/8/2014,88,23.4,3.5,0.1,0.381,0
7/9/2014,514.5,23,10.5,0.7,-0.237,1.8
7/10/2014,109,23.3,8,0.2,0.282,1
7/14/2014,32,23.3,3.1,0.2,0.295,0.1
7/15/2014,35,23.8,6.4,1,-0.2,0.1
7/16/2014,271,23,22.5,1.5,0.236,0.2
7/17/2014,80,22,12.7,0.2,-0.118,0.4
7/21/2014,21.5,23,2.3,0.1,-0.036,0.5
7/22/2014,17.5,23.3,2.7,0.1,-0.036,0
8/4/2014,11,23.1,2.4,0.1,-0.105,0.2
8/5/2014,29,23.7,1.8,0.1,-0.026,0
8/6/2014,89.5,23.5,5.1,0.3,0.154,0.4
8/7/2014,436,23.3,16.8,1,-0.046,0.2
8/11/2014,62.5,23.4,20.3,0.3,-0.128,0
8/12/2014,240.5,22.8,10.5,0.4,-0.062,2.1
8/13/2014,374,21.7,39.1,1.3,0.075,4
8/14/2014,318.5,21.8,52.2,2.2,0.273,1.5
8/18/2014,95,22.1,5.9,0.4,-0.091,0.4
8/19/2014,80,22.3,15.6,0.4,0.026,0
8/20/2014,97.5,22,7.1,0.1,0.072,1.7
8/21/2014,17,22.5,3,0.1,-0.075,0.8
8/25/2014,42,23,17.7,0.2,0.003,0
8/26/2014,71,22.8,6.4,0.1,-0.066,0
5/19/2015,107,15.9,8.2,1,0.07,0.04
5/20/2015,380,14.8,45.3,1.8,0.19,0.005
5/21/2015,24,14.9,10.6,0.3,-0.19,0.02
5/22/2015,40,14.9,10.3,0.6,0.22,0.05
5/23/2015,4,15.3,5.6,0.1,-0.21,0.02
5/24/2015,0,15.7,3.2,0.1,0.02,0
5/25/2015,1,15,2.9,0.1,-0.12,0
5/26/2015,2,14.2,2.8,0.1,0.23,0
5/27/2015,6,15.4,1.9,0,-0.13,0.2
5/28/2015,2,15.9,1.5,0.2,0.04,1.08
5/29/2015,74,16.4,2.3,0.1,0.13,0.49
5/30/2015,22,17.9,1.9,0.1,-0.13,0
5/31/2015,237,17.4,28.7,2.5,0.47,3.79
6/1/2015,7711,15.5,602.8,2,-0.01,2.825
6/2/2015,2501,14.9,195.3,1.5,-0.09,0.465
6/3/2015,947,15.9,120,0.3,-0.01,0
6/4/2015,487,15.9,80.8,0.3,0.07,0
6/5/2015,90,15.5,18.3,0.2,-0.07,0.01
6/6/2015,127,18.8,45.7,1.3,0.12,0.005
6/7/2015,126,18.2,47.8,0.3,-0.03,0
6/8/2015,41,17.1,27.8,0.4,-0.2,0.03
6/9/2015,122,17.2,21.1,0.6,0.1,0.095
6/10/2015,10,18,11,0.1,-0.11,0.49
6/11/2015,47,18.4,9.8,0.8,0.08,0.435
6/12/2015,120,19.3,21.1,0.1,0.13,0.105
6/13/2015,515,18.4,27,0.6,-0.04,3.09
6/14/2015,438,18.7,15.2,0.1,0.19,1.625
6/15/2015,130,19.7,6.5,0.4,-0.1,0.98
6/16/2015,263,21.2,12.9,0.6,0.24,2.67
6/17/2015,368,20.9,12.8,0.3,0.03,1.11
6/18/2015,337,20.8,14,0.1,-0.05,0.055
6/19/2015,4081,20.7,54.8,2.5,0.07,0.195
6/20/2015,428,20.7,25,0.6,-0.02,0.095
6/21/2015,106,20.7,17.7,0.5,0.03,0.025
6/22/2015,8,21.3,5.6,0.5,-0.04,0.05
6/23/2015,991,21.3,33.3,1.3,-0.24,3.54
6/24/2015,1357,21.8,16.6,0.2,0.45,1.76
6/25/2015,139,23,6.1,0,-0.06,0
6/26/2015,110,22,4.8,0.2,0.07,0.21
6/27/2015,15934,20.4,297.8,4,0.02,2.745
6/28/2015,3563,18.8,373.5,4,0.69,4.67
6/29/2015,351,19.7,35.3,0.1,-0.52,1.695
6/30/2015,184,20.4,22.2,0.3,0.16,0.13
7/1/2015,156,21.1,17.8,0.8,-0.05,0.42
7/2/2015,273,22,28,1.6,0.11,0.19
7/3/2015,54,22.3,28,0.5,0.01,0.005
7/4/2015,94,21.6,54.6,0.8,-0.11,0
7/5/2015,10,21.9,14.7,0,-0.1,0
7/6/2015,10,21.6,12.6,0,0.12,0
7/7/2015,10,22.3,8.3,0,-0.12,0
7/11/2015,60,21,8.4,0.3,-0.06,0.66
7/12/2015,58,22,5.2,0,0.03,0
7/13/2015,168,21.8,5.4,0.3,-0.01,0.97
7/14/2015,136,22,4.1,0,-0.33,0.485
7/15/2015,2394,22.2,67.7,4,0.84,0.31
7/16/2015,52,21.5,36,0.8,-0.48,0.165
7/17/2015,42,22,19.1,0.3,-0.12,0.065
7/18/2015,26,22.7,7.6,0.1,0.15,0.04
7/19/2015,14,23.5,5,0.1,-0.16,0.005
7/20/2015,178,23.5,5.9,0.5,0.11,0.02
7/21/2015,56,24.1,5,0.6,0,0.01
7/22/2015,472,23.5,39.9,1.3,0.02,0.04
7/23/2015,10,23.8,6.6,0,-0.13,0.02
7/24/2015,12,23.8,4.3,0.3,0.05,0
7/25/2015,26,24.4,3.8,0.1,-0.05,0
7/26/2015,40,24.6,5.5,0.2,-0.02,0.11
7/27/2015,18,24,3.6,0.1,0,0.055
7/28/2015,31,24.8,7.9,0.3,0.09,0
7/29/2015,13,24.8,5.4,0,-0.08,0
7/30/2015,246,24.3,16.1,2,-0.06,0.29
8/1/2015,106,24.7,17.5,0.8,-0.56,0.01
8/2/2015,30,25,9.3,0.4,0.5,0.005
8/3/2015,77,24.7,8.5,0.1,-0.16,0.68
8/4/2015,56,24.5,16.7,0.8,0.01,0.34
8/5/2015,102,24.5,14.4,1.6,0.02,0
8/6/2015,31,24.8,6.8,0.4,0.1,0
8/7/2015,27,23.8,9.6,0.6,-0.03,0
8/8/2015,31,24,17.3,0.6,-0.1,0
8/9/2015,86,24.5,57,0.5,0.04,0
8/10/2015,19,24.5,15.2,0.3,-0.1,0
8/11/2015,499,24,47.6,2.2,0.2,2.01
8/12/2015,48,24.3,20,1.5,-0.01,1.435
8/13/2015,41,23.3,13.1,0.2,-0.14,0.215
8/14/2015,36,23.9,6,0.2,-0.34,0
8/15/2015,93,24.2,9.7,1.2,0.07,1.02
8/16/2015,11,24.8,3.6,0.1,0.18,0.51
8/17/2015,52,25.4,3.7,0.1,-0.11,0
8/18/2015,23,25.3,3.2,0.1,-0.11,0.01
8/19/2015,33,24.6,4.3,0.1,-0.01,0.025
8/20/2015,2756,23.4,19.2,0.3,0.06,0.61
8/21/2015,110,24.7,14.5,0.6,0.03,0.3
8/22/2015,4,23.3,4.1,0.1,-0.05,0
8/23/2015,31,23.4,10.2,0.1,0,0
8/24/2015,204,23.5,17.7,1.6,-0.3,0.11
8/25/2015,89,22.8,15.9,1.9,0.19,0.055
8/26/2015,21,21.9,13.9,1.5,0.2,0.15
8/27/2015,91,21.3,10.1,1.8,-0.17,0.185
8/28/2015,4,21.9,3.8,0.1,-0.04,0.055
8/29/2015,5,22,6.6,0.1,0,0
8/30/2015,254,22.1,10.9,0.1,-0.01,0.66
8/31/2015,561,22.1,7.5,0.1,-0.1,0.48
9/1/2015,311,23.1,4.8,0.1,0.01,0.075
9/2/2015,35,23.4,3.6,0.1,0.06,0.02
9/3/2015,594,24.2,5.3,0.3,-0.08,0.03
9/4/2015,210,24.8,5.2,0.1,0.02,3.03
9/5/2015,569,24.2,9.5,0.1,-0.01,1.52
9/6/2015,76,26.6,6.1,0.1,-0.15,0.005
9/7/2015,21,25.4,5.2,0.1,0.24,0.3
5/23/2016,18,13,22,2.5,0.07,0.015
5/24/2016,1,15,6.8,0,-0.09,0
5/25/2016,1,15.5,5,0,-0.05,0
5/26/2016,13,15.9,5.5,0,-0.02,0
5/27/2016,6,17.5,3.7,0,0,0
5/28/2016,6,19.6,4.8,0,-0.02,0
5/29/2016,134,19.4,3.7,0,0.02,0.03
5/30/2016,75,18.7,5.2,0,-0.02,1.605
5/31/2016,31,20.2,4,0,-0.07,0.795
6/1/2016,814,19.9,28.6,3.5,0.28,0
6/2/2016,84,18,15.1,0.5,-0.22,0.03
6/3/2016,208,18.4,13.2,1,0.11,0.015
6/4/2016,6,20.1,2.3,0,-0.02,0
6/5/2016,27,17.6,9.5,0.5,-0.22,0.17
6/6/2016,49,18.2,5.5,1,0.28,0.955
6/7/2016,470,19.6,10.6,1.5,0.01,0.495
6/8/2016,670,19.4,75.4,3,-0.07,0.09
6/9/2016,165,18.9,38.3,2,-0.04,0.03
6/10/2016,5,20.2,4.2,0,-0.03,0.01
6/11/2016,32,20.4,7.1,0,-0.2,0.005
6/12/2016,74,20.6,13,2,0.06,0
6/13/2016,61,20.6,27.1,2,0.11,0
6/14/2016,31,20.4,22.8,1,0.15,0
6/15/2016,16,20.9,16.5,0,-0.14,0
6/16/2016,43,21,13.4,1.8,-0.01,1.46
6/17/2016,1987,21.9,53.3,1.5,0.33,1.81
6/18/2016,19,21.6,9.5,0,-0.32,0.54
6/19/2016,8,21.7,4.5,0,-0.06,0
6/20/2016,3,21.1,5.6,0,-0.13,0
6/21/2016,387,21.3,28.1,1,0.31,0.02
6/22/2016,95,21.8,6.6,0.5,-0.13,0.01
6/23/2016,23,22.5,3.9,0.2,-0.14,0.51
6/24/2016,207,21.8,27,1.8,0.26,0.455
6/25/2016,19,21.8,7.7,0.6,-0.23,0.1
6/26/2016,15,22,6.9,0.1,-0.05,0
6/27/2016,38,22,6.8,0.5,0.25,0.05
6/28/2016,132,23.3,25.3,1.8,-0.12,0.025
6/29/2016,95,22.5,30.3,2,-0.06,0
6/30/2016,16,23.1,7.3,0.1,0,0
7/1/2016,11,23.3,4.8,0.2,-0.17,0.16
7/2/2016,93,22.8,12.4,1,0.08,0.12
7/3/2016,5,23.1,5.2,0.1,0.07,0.02
7/4/2016,3,23,4.7,0.1,-0.04,0
7/5/2016,37,23.2,4.4,0.3,-0.04,0.1
7/6/2016,9,24,3.6,0.1,-0.02,0.05
7/7/2016,37,23.7,4.1,0.1,-0.3,0.58
7/8/2016,355,24.4,20.2,1.5,-0.02,1.19
7/9/2016,157,24.8,13,2.5,0.56,0.59
7/10/2016,96,24.4,17.4,2,-0.25,0.07
7/11/2016,11,24.7,7,0.3,0.03,0
7/12/2016,20,24.9,4,0.3,-0.06,0
7/13/2016,21,24,4.4,0.1,0.02,0
7/14/2016,263,25,9.1,1.5,0.11,0.36
7/15/2016,46,25,5.1,0.8,-0.12,0.18
7/16/2016,309,24.9,29.2,2.5,0.08,0.25
7/17/2016,399,24.3,7.5,0,0.02,0.125
7/18/2016,67,24.6,11.6,0.3,-0.16,0.74
7/19/2016,235,24.7,21.6,1.3,0.2,0.37
7/20/2016,61,24.7,12.7,1,-0.22,0
7/21/2016,11,24.6,4.7,0.1,0.06,0
7/22/2016,75,25,4.2,0.5,0.01,0
7/23/2016,4,25.8,2.4,0.3,0.08,0
7/24/2016,12,26.4,3.5,0.3,-0.07,0
7/25/2016,44,25.8,3.3,0.1,-0.17,0.06
7/26/2016,498,25.6,25,1.5,0.16,0.03
7/27/2016,19,25.4,3.7,0.5,-0.05,0
7/28/2016,11,26,2.5,0.1,0.01,0
7/29/2016,206,26,16.5,0.8,0.1,0
7/30/2016,64,26.4,10.4,0.5,0.08,0.02
7/31/2016,29,25.6,8.9,1,-0.08,0.27
8/1/2016,24,26.2,7.8,0.8,-0.01,0.32
8/2/2016,15,26.8,3.6,0.3,0.02,0.095
8/3/2016,32,26.7,13.1,0.5,-0.16,0
8/4/2016,11,26.6,6.2,0.1,-0.03,0
8/5/2016,16,26.2,4.4,0.1,-0.18,0
8/6/2016,232,26,34.6,2,0.26,0.02
8/7/2016,17,26,7.7,0.1,-0.12,0.01
8/8/2016,29,25.7,23.2,1.5,0.03,0
8/9/2016,52,25.7,17.7,1,-0.11,0
8/10/2016,8,26.2,6.7,0.1,0.19,1.08
8/11/2016,10,26.6,3.3,0,-0.18,2.64
8/12/2016,184,26.6,3.4,0.5,-0.02,1.47
8/13/2016,117,26.8,3.3,0,-0.03,0.46
8/14/2016,692,26.3,9,0.8,0.33,0.685
8/15/2016,80,26,3.6,0.1,-0.16,0.39
8/16/2016,34,25.6,2.8,0.1,-0.19,0.155
8/17/2016,180,25.3,4.6,0.2,-0.07,0.37
8/18/2016,516,25.5,8.9,2,0.22,0.52
8/19/2016,27,26.2,2.8,0,-0.02,0.18
8/20/2016,411,25.7,7.5,0.3,-0.2,0
8/21/2016,549,25.2,15.6,2,-0.11,0.07
8/22/2016,149,23.9,29,1.6,0.32,0.835
8/23/2016,5,24.6,3.3,0,-0.15,0.4
8/24/2016,12,24.6,2.9,0,-0.11,0
8/25/2016,197,24.8,10.1,1.1,0.05,0.85
8/26/2016,117,24.6,13.6,1,0.13,0.595
8/27/2016,29,22.8,2.9,0.1,0,0.085
8/28/2016,105,23,5.6,0.1,-0.22,0.1
8/29/2016,184,22.4,20.7,2.4,0.17,0.05
8/30/2016,36,25.3,11.1,0,-0.04,0
8/31/2016,10,26.6,4.4,0,-0.07,0
9/1/2016,127,24.3,58.1,2.1,0.17,0
9/2/2016,140,23.6,93.2,2.2,0.03,0.23
9/3/2016,17,23.2,21.5,1,-0.16,0.115
9/4/2016,7,23,7.4,0.4,-0.03,0
9/5/2016,16,23.8,5,0.1,-0.06,0
5/22/2017,61,14,27.7,1.5,0.26,0.81
5/23/2017,19,15.6,8.9,0,-0.28,0.26
5/24/2017,10,15.8,11.4,0.3,0.02,0.03
5/25/2017,606,15.6,24.7,0.5,0.11,1.33
5/26/2017,96,14.4,21.2,1.1,0.06,2.74
5/28/2017,1,15.6,9,0.1,0.06,0.06
5/29/2017,581,15.3,12.5,0.1,-0.24,1.44
5/30/2017,12,16.7,7.9,0.2,0.35,0.54
5/31/2017,10,17.2,9.3,0.3,0.03,0.02
6/1/2017,12,17.2,6.7,0.3,0.04,0
6/2/2017,15,17.7,7,0.1,-0.15,0
6/3/2017,221,17.8,6.4,0.3,-0.01,0
6/4/2017,83,18,6.2,0,-0.02,0
6/5/2017,923,18,20,1,0.17,0.36
6/6/2017,442,17.9,79,2,-0.03,0.12
6/7/2017,426,17.4,116,2,-0.01,0.09
6/8/2017,93,17.4,36.5,0.5,-0.07,0.03
6/9/2017,20,17.4,12.3,0,-0.12,0
6/10/2017,24,17.8,9.6,0.3,-0.09,0
6/11/2017,13,18.7,6.4,0.3,-0.03,0
6/12/2017,55,18.7,5.3,0,-0.02,0
6/13/2017,1,21.5,6.5,0,0.04,0
6/14/2017,889,22.6,13.1,0.8,0.17,0
6/15/2017,52,20.6,18.6,0.5,0,1.47
6/16/2017,30,22.4,3,0.3,-0.09,0.49
6/17/2017,66,23.7,5.4,0.2,0.12,0
6/18/2017,41,23,4.4,0.3,-0.14,0
6/19/2017,111,22.8,5.9,0.3,0.11,2.01
6/20/2017,563,22.4,36.2,1.3,-0.31,1.06
6/21/2017,37,22.8,13,0.3,0.04,0.61
6/22/2017,16,23,6.1,0,0.04,0.16
6/23/2017,40,22.6,8.5,0.1,0.05,0.06
6/24/2017,209,22.1,13.9,2.5,0.16,0.29
6/25/2017,27,21.4,14.4,1.1,-0.12,0.09
6/26/2017,10,22,16.4,0.3,-0.11,0
6/27/2017,74,21.4,48.8,1.5,0,0.18
6/28/2017,6,21,17.5,0.1,-0.01,0.06
6/29/2017,15,21,14.2,0.1,-0.19,0
6/30/2017,137,21.6,15.6,0.3,0,1.41
7/1/2017,103,22.2,10.9,0.1,-0.06,8.39
7/2/2017,57,22.3,8.2,0.1,0.52,2.64
7/3/2017,43,22.7,15.1,0.3,-0.15,0
7/4/2017,152,22.8,28.7,1.3,-0.01,0
7/5/2017,41,22.6,29.6,0.7,-0.01,0
7/6/2017,25,22.4,18.1,0.3,0.04,0
7/7/2017,1031,21.6,32,0.5,0.55,0.18
7/8/2017,249,21.6,23.3,1.2,-0.47,0.39
7/9/2017,8,22.4,5.9,0,-0.41,0.11
7/10/2017,4,22.4,4.8,0.1,0.25,0
7/11/2017,198,22.5,10,0.1,-0.13,3.09
7/12/2017,76,23.1,10,0.3,0.14,1.27
7/13/2017,387,23.2,13,0.3,-0.1,1.19
7/14/2017,157,23.6,11.3,0.3,0.26,0.58
7/15/2017,331,24,28,2,-0.06,0.07
7/16/2017,17,24.1,6.2,0.1,-0.18,0
7/17/2017,200,24.1,29.4,1.3,0.17,0.15
7/18/2017,25,24,7.3,0.1,-0.01,0.05
7/19/2017,31,24,7.4,0.1,0.01,0
7/20/2017,12,25.1,3.7,0.1,0.04,0
7/21/2017,5,25.2,3.8,0,-0.16,0
7/22/2017,28,25.7,3.1,0,0.13,0.06
7/23/2017,788,25.3,16.9,0.8,0.07,0.77
7/24/2017,897,25.6,27.4,2.5,-0.1,0.25
7/25/2017,175,23.6,63.5,3,0.04,0
7/26/2017,17,24,12.8,0.3,-0.12,0
7/27/2017,48,24.4,7,0,-0.05,0
7/28/2017,208,24.9,17.7,2,0.14,0
7/29/2017,98,23,159,2.5,-0.14,0
7/30/2017,15,22.9,42.4,1.8,0.12,0
7/31/2017,25,23.4,15.1,0,-0.21,0
8/1/2017,2,23.7,4.6,0.2,-0.04,0
8/2/2017,9,24.4,2.9,0,0,0
8/3/2017,16,24.6,3,0.1,-0.05,0
8/4/2017,149,24.2,4.1,0.3,0.02,1.38
8/5/2017,785,22.2,27.9,2,-0.21,1.12
8/6/2017,67,22.6,7.2,0.3,0.25,0.22
8/7/2017,17,22.7,4.7,0.2,-0.01,0
8/8/2017,56,23,14.9,2,0.05,0
8/9/2017,34,23,6,0.1,-0.2,0
8/10/2017,8,23.3,3.4,0.1,0.03,0
8/11/2017,12,22.7,4.4,0.1,-0.15,0
8/12/2017,660,22.4,16.9,2,0.05,0.18
8/13/2017,29,22.6,7,1.5,0.04,0.06
8/14/2017,6,22.4,4.7,0.1,0.09,0
8/15/2017,8,23,5.4,0.1,-0.16,0
8/16/2017,30,23.3,5,0.3,0.1,0
8/17/2017,19,23.2,9.9,0.3,0.02,0
8/18/2017,103,23,6.3,0.4,-0.12,0.21
8/19/2017,88,23,5.9,0.2,-0.04,0.7
8/20/2017,20,23.3,3.2,0,0.09,0.27
8/21/2017,7,24,2.3,0.1,0.08,0.09
8/22/2017,11,24,2.3,0.1,-0.29,0
8/23/2017,376,22.4,28.4,1.8,0.11,1.08
8/24/2017,33,23,11.6,2,0.18,0.36
8/25/2017,68,21.7,16.3,2.5,0.01,0.03
8/26/2017,28,21.8,9.1,1.8,-0.14,0.01
8/27/2017,14,22.1,4.2,0.5,0.03,0
8/28/2017,18,22.5,11.3,1.5,-0.22,0
8/29/2017,16,22,7.4,0.2,0.07,0.09
8/30/2017,40,22,5.4,0.3,-0.05,0.09
8/31/2017,195,20.4,7.8,3,0.19,0.02
9/1/2017,111,21,55.3,3.5,-0.04,0
9/2/2017,106,19.5,95,2.5,0.1,0
9/3/2017,9,20.5,10.6,1.5,-0.54,0.48
9/4/2017,4,20,5.2,0.3,0.03,0.16
5/22/2018,427,13.8,36.7,0.2,-0.08,1.48
5/23/2018,187,15.5,21,0.8,0.05,1.74
5/24/2018,33,16.1,10.8,0.1,-0.01,0.5
5/25/2018,13,18,12.4,0.1,0.02,0
5/26/2018,26,15.7,12.4,0.2,0.01,0
5/27/2018,26,18.2,3.5,0.1,-0.03,0.14
5/28/2018,169,17.7,6.3,0.1,-0.05,0.07
5/29/2018,2,20.2,3.7,0.1,0.04,0
5/30/2018,78,15.1,28.2,0.8,0.08,0
5/31/2018,10,13.8,11.1,0.3,-0.13,0
6/1/2018,39,17.2,3.9,0.1,0.01,0.2
6/2/2018,380,19,38.5,1.5,0,0.1
6/3/2018,58,18,19,0.5,0.04,0
6/4/2018,145,19,42.7,2,0.09,1.42
6/5/2018,43,18.4,26.6,2,-0.07,0.73
6/6/2018,49,17.3,37.3,2.8,-0.02,0.01
6/7/2018,8,18.2,9.7,0.3,-0.07,0
6/8/2018,4,19.5,6.7,0.2,0.1,0
6/9/2018,27,19.4,6.4,0.5,-0.04,0
6/10/2018,237,18.4,26.3,0.7,0.02,0.82
6/11/2018,1111,18.5,80,2.3,0.1,0.95
6/12/2018,37,18,21,0.3,-0.11,0.3
6/13/2018,14,19.7,9.1,0.3,-0.05,0.02
6/14/2018,23,18.8,15.1,0.5,0.09,0.05
6/15/2018,15,21,8.7,0.3,0,0.02
6/16/2018,18,21.4,3.4,0.1,-0.15,0
6/17/2018,7,21.8,4.1,0.1,0.05,0
6/18/2018,15,22.8,4.3,0.1,-0.06,0
6/19/2018,418,23,17.2,1.5,0.15,1.44
6/20/2018,879,21.8,28.7,0.5,-0.03,0.98
6/21/2018,463,21,26.3,0.5,0.08,0.23
6/22/2018,833,20.1,218.5,3,0.02,0.09
6/23/2018,365,17.4,18.6,1,0,0.48
6/24/2018,11,20.4,4,0.3,-0.13,0.57
6/25/2018,29,21,18.6,1.8,0.13,0.21
6/26/2018,40,20.8,19.1,0.7,-0.03,0.02
6/27/2018,267,21.3,15.7,0.3,-0.07,0.16
6/28/2018,102,21.4,18.8,1.5,-0.01,0.42
6/29/2018,19,23,8.3,0.1,0.06,0.17
6/30/2018,17,23.9,9.4,0.1,-0.05,0
7/1/2018,8,24.3,9.8,0.1,-0.12,0
7/2/2018,74,24.4,9.6,0.1,0.01,0
7/3/2018,246,25.4,9.4,0.3,0.14,0.02
7/4/2018,255,25,15.4,0.4,-0.06,2.51
7/5/2018,40,23.4,7.3,0,-0.1,1.25
7/6/2018,383,25.2,56.5,4,0.28,2.7
7/7/2018,475,23.7,109,3.3,-0.21,1.35
7/8/2018,49,23.6,19.5,0.3,-0.05,0
7/9/2018,20,24.5,12,0.1,0.04,0
7/10/2018,35,25,9.7,0.5,0,0
7/11/2018,106,24.5,59.4,1.7,0.08,0
7/12/2018,15,23.9,8.5,0.3,-0.13,0
7/13/2018,18,24.6,9.1,0.1,-0.11,0
7/14/2018,8,24.7,5.2,0,-0.03,0
7/15/2018,8,25.5,3.8,0.1,-0.02,0
7/16/2018,18,25,6.2,0.1,0,0
7/17/2018,1337,24.5,18.9,1.5,0.08,1.62
7/18/2018,278,24.6,27.1,2.3,-0.04,0.81
7/19/2018,54,24.1,6.2,0,-0.07,0
7/20/2018,25,24.8,13,0.3,-0.27,0
7/21/2018,18,24.6,9.4,0.2,0.15,0.08
7/22/2018,381,25.7,19.9,0.1,0.42,0.16
7/23/2018,21,25.3,7.7,0.4,-0.33,0.12
7/24/2018,37,23,8.8,0.3,0.04,2.27
7/25/2018,13,24.2,2.8,0.3,-0.04,1.14
7/26/2018,23,24.1,5.7,0.3,0.03,0.01
7/27/2018,75,23.6,7.8,0.6,-0.25,1.84
7/28/2018,173,23.5,24.6,1.5,0.34,0.96
7/29/2018,6,23.6,3.2,0.1,-0.13,0.02
7/30/2018,8,24.3,2.3,0,-0.07,0
7/31/2018,110,23.6,4.9,0.3,0.04,0
8/1/2018,44,23.9,4.1,0.5,-0.23,0.2
8/2/2018,10,23.6,2,0.2,0.1,0.1
8/3/2018,11,24,2.4,0,-0.06,0
8/4/2018,77,24,2.2,0.1,0.08,0
8/5/2018,101,24.5,2.7,0,-0.12,0
8/6/2018,41,25,2.1,0.1,0.05,0
8/7/2018,238,24.2,4.7,0.3,-0.25,4.32
8/8/2018,74,24.8,3,0.4,0.26,3.95
8/9/2018,51,25,2.8,0.3,0.15,0.5
8/10/2018,499,25.6,7.5,0.7,-0.05,0
8/11/2018,156,24.7,16.6,1.5,-0.03,0
8/12/2018,382,24.7,25.4,2,-0.01,0
8/13/2018,187,25,12.9,1,0.04,0
8/14/2018,42,25,6.2,0.8,-0.12,0
8/15/2018,11,25,3.2,0.4,0.01,0
8/16/2018,11,25.7,2.5,0.2,0.09,0
8/17/2018,24,25,3.8,0.3,-0.19,0.04
8/18/2018,984,24.7,16.1,1,0.24,0.3
8/19/2018,194,24.8,29,0.8,-0.24,0.14
8/20/2018,16,24.4,5.9,0.3,0.1,0
8/21/2018,113,24.4,15.4,0.2,-0.2,1.44
8/22/2018,145,23.3,31.5,2.3,0.36,1.48
8/23/2018,71,22.3,16.6,1,-0.25,0.4
8/24/2018,14,22.4,3.1,0.1,-0.01,0.01
8/25/2018,21,23,2.1,0,-0.35,0
8/26/2018,30,23.1,3.4,0.3,0.17,0.28
8/27/2018,33,24.1,1.8,0.2,0.1,0.14
8/28/2018,28,24.1,2.1,0.3,-0.16,0
8/29/2018,18,24.4,1.6,0.3,-0.14,0
8/30/2018,1300,24,25.6,3.5,0.48,0.38
8/31/2018,86,23.6,7.9,0.7,-0.24,0.19
9/1/2018,38,24,5.6,0.2,-0.03,0
9/2/2018,25,24.1,3.1,0.2,-0.06,0.3
9/3/2018,9,24.6,2.7,0.1,0.11,0.15